-- 테이블에 추가

--tblActor
INSERT INTO tblActor (seqActor, actorName, actorMovie) VALUES (1, '현빈', '교섭');
INSERT INTO tblActor (seqActor, actorName, actorMovie) VALUES (2, '박정민', '얼굴');
INSERT INTO tblActor (seqActor, actorName, actorMovie) VALUES (3, '조우진', '외계+인 1부');
INSERT INTO tblActor (seqActor, actorName, actorMovie) VALUES (4, '전여빈', '검은 수녀들');
INSERT INTO tblActor (seqActor, actorName, actorMovie) VALUES (5, '박훈', '노량 : 죽음의 바다');
INSERT INTO tblActor (seqActor, actorName, actorMovie) VALUES (6, '유재명', '소방관');
INSERT INTO tblActor (seqActor, actorName, actorMovie) VALUES (7, '릴리 프랭키', '남은 인생 10년');
INSERT INTO tblActor (seqActor, actorName, actorMovie) VALUES (8, '이동욱', '해피 뉴 이어');
INSERT INTO tblActor (seqActor, actorName, actorMovie) VALUES (9, '주원', '특근');
INSERT INTO tblActor (seqActor, actorName, actorMovie) VALUES (10, '곽도원', '강철비2: 정상회담');
INSERT INTO tblActor (seqActor, actorName, actorMovie) VALUES (11, '이유영', '세기말의 사랑');
INSERT INTO tblActor (seqActor, actorName, actorMovie) VALUES (12, '김민재', '범죄도시4');
INSERT INTO tblActor (seqActor, actorName, actorMovie) VALUES (13, '오대환', '베테랑2');
INSERT INTO tblActor (seqActor, actorName, actorMovie) VALUES (14, '이준혁', '서울의 봄');
INSERT INTO tblActor (seqActor, actorName, actorMovie) VALUES (15, '장영남', '탈주');
INSERT INTO tblActor (seqActor, actorName, actorMovie) VALUES (16, '박지현', '히든페이스');
INSERT INTO tblActor (seqActor, actorName, actorMovie) VALUES (17, '최시원', 'SMTOWN THE STAGE');
INSERT INTO tblActor (seqActor, actorName, actorMovie) VALUES (18, '성동일', '악마가 이사왔다');
INSERT INTO tblActor (seqActor, actorName, actorMovie) VALUES (19, '데미 무어', '락다운 213주');
INSERT INTO tblActor (seqActor, actorName, actorMovie) VALUES (20, '마가렛 퀄리', '카인드 오브 카인드니스');
INSERT INTO tblActor (seqActor, actorName, actorMovie) VALUES (21, '데니스 퀘이드', '스트레인지 월드');
INSERT INTO tblActor (seqActor, actorName, actorMovie) VALUES (22, '이선', '뽀로로 극장판 드래곤캐슬 대모험');
INSERT INTO tblActor (seqActor, actorName, actorMovie) VALUES (23, '이미자', '뽀로로 극장판 드래곤캐슬 대모험');
INSERT INTO tblActor (seqActor, actorName, actorMovie) VALUES (24, '함수정', '뽀로로 극장판 공룡섬 대모험');
INSERT INTO tblActor (seqActor, actorName, actorMovie) VALUES (25, '홍소영', '사랑의 하츄핑');
INSERT INTO tblActor (seqActor, actorName, actorMovie) VALUES (26, '정미숙', '뽀로로 극장판 드래곤캐슬 대모험');
INSERT INTO tblActor (seqActor, actorName, actorMovie) VALUES (27, '김서영', '날씨의 아이');
INSERT INTO tblActor (seqActor, actorName, actorMovie) VALUES (28, '김환진', '극장판 짱구는 못말려: 우리들의 공룡일기');
INSERT INTO tblActor (seqActor, actorName, actorMovie) VALUES (29, '한신', '레오나르도 다 빈치');
INSERT INTO tblActor (seqActor, actorName, actorMovie) VALUES (30, '엄상현', '바다 탐험대 옥토넛 어보브 앤 비욘드: 바다가 위험해');
INSERT INTO tblActor (seqActor, actorName, actorMovie) VALUES (31, '윤용식', '이상한 나라의 달빛요정');
INSERT INTO tblActor (seqActor, actorName, actorMovie) VALUES (32, '짐 캐리', '수퍼 소닉2');
INSERT INTO tblActor (seqActor, actorName, actorMovie) VALUES (33, '벤 슈와츠', '수퍼 소닉2');
INSERT INTO tblActor (seqActor, actorName, actorMovie) VALUES (34, '제임스 마스던', '수퍼 소닉2');
INSERT INTO tblActor (seqActor, actorName, actorMovie) VALUES (35, '티카 섬터', '수퍼 소닉2');
INSERT INTO tblActor (seqActor, actorName, actorMovie) VALUES (36, '이드리스 엘바', '수퍼 소닉2');
INSERT INTO tblActor (seqActor, actorName, actorMovie) VALUES (37, '키아누 리브스', '발레리나');
INSERT INTO tblActor (seqActor, actorName, actorMovie) VALUES (38, '박영남', '극장판 짱구는 못말려: 격돌! 낙서왕국과 얼추 네 명의 용사들');
INSERT INTO tblActor (seqActor, actorName, actorMovie) VALUES (39, '강희선', '극장판 짱구는 못말려: 격돌! 낙서왕국과 얼추 네 명의 용사들');
INSERT INTO tblActor (seqActor, actorName, actorMovie) VALUES (40, '김환진', '뽀로로 극장판 바닷속 대모험');
INSERT INTO tblActor (seqActor, actorName, actorMovie) VALUES (41, '신시아 에리보', '카오스 워킹');
INSERT INTO tblActor (seqActor, actorName, actorMovie) VALUES (42, '아리아나 그란데', '돈 룩 업');
INSERT INTO tblActor (seqActor, actorName, actorMovie) VALUES (43, '양자경', '베니스 유령 살인사건');
INSERT INTO tblActor (seqActor, actorName, actorMovie) VALUES (44, '제프 골드브럼', '애스터로이드 시티');
INSERT INTO tblActor (seqActor, actorName, actorMovie) VALUES (45, '조나단 베일리', '영 메시아');
INSERT INTO tblActor (seqActor, actorName, actorMovie) VALUES (46, '에단 슬레이터', NULL);
INSERT INTO tblActor (seqActor, actorName, actorMovie) VALUES (47, '브론윈 제임스', '드래곤 길들이기');
INSERT INTO tblActor (seqActor, actorName, actorMovie) VALUES (48, '아우이 크라발호', '주먹왕 랄프 2: 인터넷 속으로');
INSERT INTO tblActor (seqActor, actorName, actorMovie) VALUES (49, '드웨인 존슨', '레드 원');
INSERT INTO tblActor (seqActor, actorName, actorMovie) VALUES (50, '아론 피에르', NULL);
INSERT INTO tblActor (seqActor, actorName, actorMovie) VALUES (51, '켈빈 해리슨 주니어', '엘비스');
INSERT INTO tblActor (seqActor, actorName, actorMovie) VALUES (52, '존 카니', '라이온 킹');
INSERT INTO tblActor (seqActor, actorName, actorMovie) VALUES (53, '세스 로건', '슈퍼 마리오 브라더스');
INSERT INTO tblActor (seqActor, actorName, actorMovie) VALUES (54, '빌리 아이크너', '라이온 킹');
INSERT INTO tblActor (seqActor, actorName, actorMovie) VALUES (55, '도널드 글로버', '라이온 킹');
INSERT INTO tblActor (seqActor, actorName, actorMovie) VALUES (56, '매즈 미켈슨', '인디아나 존스: 운명의 다이얼');
INSERT INTO tblActor (seqActor, actorName, actorMovie) VALUES (57, '탠디 뉴튼', '레미니센스');
INSERT INTO tblActor (seqActor, actorName, actorMovie) VALUES (58, '블루 아이비 카터', '르네상스 필름 바이 비욘세');
INSERT INTO tblActor (seqActor, actorName, actorMovie) VALUES (59, '비욘세 놀즈', '르네상스 필름 바이 비욘세');
INSERT INTO tblActor (seqActor, actorName, actorMovie) VALUES (60, '송중기', '화란');
INSERT INTO tblActor (seqActor, actorName, actorMovie) VALUES (61, '이희준', '핸섬가이즈');
INSERT INTO tblActor (seqActor, actorName, actorMovie) VALUES (62, '권해효', '수유천');
INSERT INTO tblActor (seqActor, actorName, actorMovie) VALUES (63, '박지환', '범죄도시4');
INSERT INTO tblActor (seqActor, actorName, actorMovie) VALUES (64, '조현철', '더러운 돈에 손대지 마라');
INSERT INTO tblActor (seqActor, actorName, actorMovie) VALUES (65, '김종수', '리볼버');
INSERT INTO tblActor (seqActor, actorName, actorMovie) VALUES (66, '송재림', '미끼');
INSERT INTO tblActor (seqActor, actorName, actorMovie) VALUES (67, '안우연', '오목소녀');
INSERT INTO tblActor (seqActor, actorName, actorMovie) VALUES (68, '민성욱', '그놈이다');
INSERT INTO tblActor (seqActor, actorName, actorMovie) VALUES (69, '소희정', '침입자');
INSERT INTO tblActor (seqActor, actorName, actorMovie) VALUES (70, '차정원', NULL);
INSERT INTO tblActor (seqActor, actorName, actorMovie) VALUES (71, '나카야마 미호', '사형에 이르는 병');
INSERT INTO tblActor (seqActor, actorName, actorMovie) VALUES (72, '사카이 미키', '방황하는 칼날');
INSERT INTO tblActor (seqActor, actorName, actorMovie) VALUES (73, '카시와바라 다카시', '레오니');
INSERT INTO tblActor (seqActor, actorName, actorMovie) VALUES (74, '토요카와 에츠시', '킹덤2: 아득한 대지로');
INSERT INTO tblActor (seqActor, actorName, actorMovie) VALUES (75, '시오미 산세이', '아웃레이지 최종장');
INSERT INTO tblActor (seqActor, actorName, actorMovie) VALUES (76, '카가 마리코', '양과자점 코안도르');
INSERT INTO tblActor (seqActor, actorName, actorMovie) VALUES (77, '타구치 토모로오', '러브 라이프');
INSERT INTO tblActor (seqActor, actorName, actorMovie) VALUES (78, '미츠이시 켄', '새벽의 모든');
INSERT INTO tblActor (seqActor, actorName, actorMovie) VALUES (79, '나카무라 쿠미', '모라토리움기의 다마코');
INSERT INTO tblActor (seqActor, actorName, actorMovie) VALUES (80, '스즈키 란란', NULL);
INSERT INTO tblActor (seqActor, actorName, actorMovie) VALUES (81, '릴리 로즈 뎁', '보이저스');
INSERT INTO tblActor (seqActor, actorName, actorMovie) VALUES (82, '니콜라스 홀트', '가필드 더 무비');
INSERT INTO tblActor (seqActor, actorName, actorMovie) VALUES (83, '빌 스카스가드', '더 크로우');
INSERT INTO tblActor (seqActor, actorName, actorMovie) VALUES (84, '애런 테일러 존슨', '스턴트맨');
INSERT INTO tblActor (seqActor, actorName, actorMovie) VALUES (85, '윌렘 대포', '비틀쥬스 비틀쥬스');
INSERT INTO tblActor (seqActor, actorName, actorMovie) VALUES (86, '엠마 코린', '데드풀과 울버린');
INSERT INTO tblActor (seqActor, actorName, actorMovie) VALUES (87, '다니엘 래드클리프', '위어드');
INSERT INTO tblActor (seqActor, actorName, actorMovie) VALUES (88, '엠마 왓슨', '작은 아씨들');
INSERT INTO tblActor (seqActor, actorName, actorMovie) VALUES (89, '루퍼트 그린트', '똑똑똑');
INSERT INTO tblActor (seqActor, actorName, actorMovie) VALUES (90, '랄프 파인즈', '콘클라베');
INSERT INTO tblActor (seqActor, actorName, actorMovie) VALUES (91, '마이클 갬본', '주디');
INSERT INTO tblActor (seqActor, actorName, actorMovie) VALUES (92, '앨런 릭먼', '거울나라의 앨리스');
INSERT INTO tblActor (seqActor, actorName, actorMovie) VALUES (93, '에반나 린치', '러브 인 뉴욕');
INSERT INTO tblActor (seqActor, actorName, actorMovie) VALUES (94, '도널 글리슨', '피터 래빗 2');
INSERT INTO tblActor (seqActor, actorName, actorMovie) VALUES (95, '클레멘스 포시', '파이널 포트레이트');
INSERT INTO tblActor (seqActor, actorName, actorMovie) VALUES (96, '워윅 데이비스', '한 솔로: 스타워즈 스토리');
INSERT INTO tblActor (seqActor, actorName, actorMovie) VALUES (97, '리 페이스', '캡틴 마블');
INSERT INTO tblActor (seqActor, actorName, actorMovie) VALUES (98, '카틴카 언타루', '더 폴: 오디어스와 환상의 문');
INSERT INTO tblActor (seqActor, actorName, actorMovie) VALUES (99, '이쿠타 리라', '데드데드 데몬즈 디디디디 디스트럭션: 파트2');
INSERT INTO tblActor (seqActor, actorName, actorMovie) VALUES (100, '아노', '데드데드 데몬즈 디디디디 디스트럭션: 파트2');
INSERT INTO tblActor (seqActor, actorName, actorMovie) VALUES (101, '타네자키 아츠미', '극장판 스파이 패밀리 코드 : 화이트');
INSERT INTO tblActor (seqActor, actorName, actorMovie) VALUES (102, '시마부쿠로 미유리', '데드데드 데몬즈 디디디디 디스트럭션: 파트2');
INSERT INTO tblActor (seqActor, actorName, actorMovie) VALUES (103, '오오키 사에코', '데드데드 데몬즈 디디디디 디스트럭션: 파트2');
INSERT INTO tblActor (seqActor, actorName, actorMovie) VALUES (104, '와키 아즈미', '데드데드 데몬즈 디디디디 디스트럭션: 파트2');
INSERT INTO tblActor (seqActor, actorName, actorMovie) VALUES (105, '시라이시 료코', '데드데드 데몬즈 디디디디 디스트럭션: 파트2');
INSERT INTO tblActor (seqActor, actorName, actorMovie) VALUES (106, '이리노 미유', '데드데드 데몬즈 디디디디 디스트럭션: 파트2');
INSERT INTO tblActor (seqActor, actorName, actorMovie) VALUES (107, '우치야마 코우키', '데드데드 데몬즈 디디디디 디스트럭션: 파트2');
INSERT INTO tblActor (seqActor, actorName, actorMovie) VALUES (108, '반 타이토', '데드데드 데몬즈 디디디디 디스트럭션: 파트2');
INSERT INTO tblActor (seqActor, actorName, actorMovie) VALUES (109, '일라이저 우드', '더 트러스트');
INSERT INTO tblActor (seqActor, actorName, actorMovie) VALUES (110, '비고 모텐슨', '원스 어폰 어 타임 인 올드 웨스트');
INSERT INTO tblActor (seqActor, actorName, actorMovie) VALUES (111, '숀 애스틴', '레고 DC 샤잠! 매직 앤 몬스터즈');
INSERT INTO tblActor (seqActor, actorName, actorMovie) VALUES (112, '올랜도 블룸', '와일드독');
INSERT INTO tblActor (seqActor, actorName, actorMovie) VALUES (113, '이안 맥켈런', '멀티버스 프로젝트');
INSERT INTO tblActor (seqActor, actorName, actorMovie) VALUES (114, '앤디 서키스', '더 배트맨');
INSERT INTO tblActor (seqActor, actorName, actorMovie) VALUES (115, '리브 타일러', '캡틴 아메리카: 브레이브 뉴 월드');
INSERT INTO tblActor (seqActor, actorName, actorMovie) VALUES (116, '존 라이스 데이비스', '인디아나 존스: 운명의 다이얼');
INSERT INTO tblActor (seqActor, actorName, actorMovie) VALUES (117, '도미닉 모나한', '엣지 오브 더 월드');
INSERT INTO tblActor (seqActor, actorName, actorMovie) VALUES (118, '크리스토퍼 리', '호빗: 다섯 군대 전투');
INSERT INTO tblActor (seqActor, actorName, actorMovie) VALUES (119, '제시 아이젠버그', '비바리움');
INSERT INTO tblActor (seqActor, actorName, actorMovie) VALUES (120, '키에란 컬킨', '페이퍼맨');
INSERT INTO tblActor (seqActor, actorName, actorMovie) VALUES (121, '윌 샤프', NULL);
INSERT INTO tblActor (seqActor, actorName, actorMovie) VALUES (122, '제니퍼 그레이', '더티 댄싱 30주년');
INSERT INTO tblActor (seqActor, actorName, actorMovie) VALUES (123, '카레 헤더브란트', NULL);
INSERT INTO tblActor (seqActor, actorName, actorMovie) VALUES (124, '리나 레안데르손', NULL);
INSERT INTO tblActor (seqActor, actorName, actorMovie) VALUES (125, '카린 베그퀴스트', NULL);
INSERT INTO tblActor (seqActor, actorName, actorMovie) VALUES (126, '이카 노드', NULL);
INSERT INTO tblActor (seqActor, actorName, actorMovie) VALUES (127, '피터 칼버그', NULL);
INSERT INTO tblActor (seqActor, actorName, actorMovie) VALUES (128, '애덤 스톤', NULL);
INSERT INTO tblActor (seqActor, actorName, actorMovie) VALUES (129, '동하', '국가부도의 날');
INSERT INTO tblActor (seqActor, actorName, actorMovie) VALUES (130, '지원', NULL);
INSERT INTO tblActor (seqActor, actorName, actorMovie) VALUES (131, '킬리언 머피', '오펜하이머');
INSERT INTO tblActor (seqActor, actorName, actorMovie) VALUES (132, '아일린 월시', '메이즈');
INSERT INTO tblActor (seqActor, actorName, actorMovie) VALUES (133, '미셸 페어리', '하트 오브 더 씨');
INSERT INTO tblActor (seqActor, actorName, actorMovie) VALUES (134, '클레어 던', '허셀프');
INSERT INTO tblActor (seqActor, actorName, actorMovie) VALUES (135, '헬렌 비언', NULL);
INSERT INTO tblActor (seqActor, actorName, actorMovie) VALUES (136, '에밀리 왓슨', '더 해피 프린스');
INSERT INTO tblActor (seqActor, actorName, actorMovie) VALUES (137, '권상우', '스위치');
INSERT INTO tblActor (seqActor, actorName, actorMovie) VALUES (138, '정준호', '귀신경찰');
INSERT INTO tblActor (seqActor, actorName, actorMovie) VALUES (139, '이이경', '웅남이');
INSERT INTO tblActor (seqActor, actorName, actorMovie) VALUES (140, '황우슬혜', '히트맨');
INSERT INTO tblActor (seqActor, actorName, actorMovie) VALUES (141, '김성오', '킹메이커');
INSERT INTO tblActor (seqActor, actorName, actorMovie) VALUES (142, '이지원', '히트맨');
INSERT INTO tblActor (seqActor, actorName, actorMovie) VALUES (143, '이준혁', '소녀작가 입문기');
INSERT INTO tblActor (seqActor, actorName, actorMovie) VALUES (144, '츠츠이 마리코', '옆얼굴');
INSERT INTO tblActor (seqActor, actorName, actorMovie) VALUES (145, '미츠이시 켄', '새벽의 모든');
INSERT INTO tblActor (seqActor, actorName, actorMovie) VALUES (146, '이소무라 하야토', '정욕');
INSERT INTO tblActor (seqActor, actorName, actorMovie) VALUES (147, '키노 하나', '윤희에게');
INSERT INTO tblActor (seqActor, actorName, actorMovie) VALUES (148, '러셀 크로우', '크레이븐 더 헌터');
INSERT INTO tblActor (seqActor, actorName, actorMovie) VALUES (149, '샘 워싱턴', '호라이즌: 아메리칸 사가 챕터 1');
INSERT INTO tblActor (seqActor, actorName, actorMovie) VALUES (150, '클로이 베일리', NULL);
INSERT INTO tblActor (seqActor, actorName, actorMovie) VALUES (151, '라이언 심킨스', '앵귀시: 소녀의 저주');
INSERT INTO tblActor (seqActor, actorName, actorMovie) VALUES (152, '도경수', '더 문');
INSERT INTO tblActor (seqActor, actorName, actorMovie) VALUES (153, '원진아', '해피 뉴 이어');
INSERT INTO tblActor (seqActor, actorName, actorMovie) VALUES (154, '신예은', NULL);
INSERT INTO tblActor (seqActor, actorName, actorMovie) VALUES (155, '배성우', '1947 보스톤');
INSERT INTO tblActor (seqActor, actorName, actorMovie) VALUES (156, '강경헌', '헌트');
INSERT INTO tblActor (seqActor, actorName, actorMovie) VALUES (157, '미셸 윌리엄스', '파벨만스');
INSERT INTO tblActor (seqActor, actorName, actorMovie) VALUES (158, '주드 허쉬', '인디펜던스 데이: 리써전스');
INSERT INTO tblActor (seqActor, actorName, actorMovie) VALUES (159, '홍 차우', '카인드 오브 카인드니스');
INSERT INTO tblActor (seqActor, actorName, actorMovie) VALUES (160, '메리앤 프런켓', '부모님과 이혼하는 방법');
INSERT INTO tblActor (seqActor, actorName, actorMovie) VALUES (161, '존 마가로', '9월 5일: 위험한 특종');
INSERT INTO tblActor (seqActor, actorName, actorMovie) VALUES (162, '앤드레 벤자민', '하이 라이프');
INSERT INTO tblActor (seqActor, actorName, actorMovie) VALUES (163, '제임스 르그로스', '어떤 여인들');
INSERT INTO tblActor (seqActor, actorName, actorMovie) VALUES (164, '오가타 메구미', '극장판 파워 디지몬 더 비기닝');
INSERT INTO tblActor (seqActor, actorName, actorMovie) VALUES (165, '하나자와 카나', '귀멸의 칼날: 인연의 기적, 그리고 합동 강화 훈련으로');
INSERT INTO tblActor (seqActor, actorName, actorMovie) VALUES (166, '코마츠 미카코', '블루 서멀, 같은 하늘을 보고 싶어');
INSERT INTO tblActor (seqActor, actorName, actorMovie) VALUES (167, '우치야마 코우키', '데드데드 데몬즈 디디디디 디스트럭션: 파트1');
INSERT INTO tblActor (seqActor, actorName, actorMovie) VALUES (168, '세키 토모카즈', '사이코패스 시너스 오브 더 시스템 케이스3: 은원의 너머에');
INSERT INTO tblActor (seqActor, actorName, actorMovie) VALUES (169, '나카무라 유이치', '기동전사 건담 SEED FREEDOM');
INSERT INTO tblActor (seqActor, actorName, actorMovie) VALUES (170, '사쿠라이 타카히로', '극장판 울려라! 유포니엄: 앙상블 콘테스트');
INSERT INTO tblActor (seqActor, actorName, actorMovie) VALUES (171, '아델 에넬', '포트레이트 오브 어 레이디 온 파이어');
INSERT INTO tblActor (seqActor, actorName, actorMovie) VALUES (172, '노에미 메를랑', '더 발코니츠');
INSERT INTO tblActor (seqActor, actorName, actorMovie) VALUES (173, '발레리아 골리노', '포트레이트 오브 어 레이디 온 파이어');
INSERT INTO tblActor (seqActor, actorName, actorMovie) VALUES (174, '김윤석', '노량: 죽음의 바다');
INSERT INTO tblActor (seqActor, actorName, actorMovie) VALUES (175, '이승기', '궁합');
INSERT INTO tblActor (seqActor, actorName, actorMovie) VALUES (176, '김성령', '부활남');
INSERT INTO tblActor (seqActor, actorName, actorMovie) VALUES (177, '강한나', '순수의 시대');
INSERT INTO tblActor (seqActor, actorName, actorMovie) VALUES (178, '박수영', '낭만적 공장');
INSERT INTO tblActor (seqActor, actorName, actorMovie) VALUES (179, '김시우', NULL);
INSERT INTO tblActor (seqActor, actorName, actorMovie) VALUES (180, '윤채나', '도그데이즈');
INSERT INTO tblActor (seqActor, actorName, actorMovie) VALUES (181, '심희섭', '돌핀');
INSERT INTO tblActor (seqActor, actorName, actorMovie) VALUES (182, '길해연', '비밀');
INSERT INTO tblActor (seqActor, actorName, actorMovie) VALUES (183, '이순재', '안녕하세요');
INSERT INTO tblActor (seqActor, actorName, actorMovie) VALUES (184, '(여자)아이들', NULL);
INSERT INTO tblActor (seqActor, actorName, actorMovie) VALUES (185, '미연', NULL);
INSERT INTO tblActor (seqActor, actorName, actorMovie) VALUES (186, '민니', NULL);
INSERT INTO tblActor (seqActor, actorName, actorMovie) VALUES (187, '소연', NULL);
INSERT INTO tblActor (seqActor, actorName, actorMovie) VALUES (188, '우기', NULL);
INSERT INTO tblActor (seqActor, actorName, actorMovie) VALUES (189, '슈화', NULL);
INSERT INTO tblActor (seqActor, actorName, actorMovie) VALUES (190, '파올로 포르토게지', NULL);
INSERT INTO tblActor (seqActor, actorName, actorMovie) VALUES (191, '안토니오 파올루치', NULL);
INSERT INTO tblActor (seqActor, actorName, actorMovie) VALUES (192, '김태리', '외계+인 1부');
INSERT INTO tblActor (seqActor, actorName, actorMovie) VALUES (193, '류준열', '외계+인 1부');
INSERT INTO tblActor (seqActor, actorName, actorMovie) VALUES (194, '문소리', '니 부모 얼굴이 보고 싶다');
INSERT INTO tblActor (seqActor, actorName, actorMovie) VALUES (195, '진기주', '행복의 나라');
INSERT INTO tblActor (seqActor, actorName, actorMovie) VALUES (196, '모리야마 미라이', '위대한 부재');
INSERT INTO tblActor (seqActor, actorName, actorMovie) VALUES (197, '고토 노아', NULL);
INSERT INTO tblActor (seqActor, actorName, actorMovie) VALUES (198, '아오키 무네타카', '범죄도시3');
INSERT INTO tblActor (seqActor, actorName, actorMovie) VALUES (199, '김재중', '신사: 악귀의 속삭임');
INSERT INTO tblActor (seqActor, actorName, actorMovie) VALUES (200, '양조위', '무명');
INSERT INTO tblActor (seqActor, actorName, actorMovie) VALUES (201, '탕웨이', '헤어질 결심');
INSERT INTO tblActor (seqActor, actorName, actorMovie) VALUES (202, '진충', '무죄가족');
INSERT INTO tblActor (seqActor, actorName, actorMovie) VALUES (203, '왕리홍', '어글리 돌');
INSERT INTO tblActor (seqActor, actorName, actorMovie) VALUES (204, '탁종화', '메리 마이 데드 바디');
INSERT INTO tblActor (seqActor, actorName, actorMovie) VALUES (205, '하라 나노카', '극장판 미스터리라 하지 말지어다');
INSERT INTO tblActor (seqActor, actorName, actorMovie) VALUES (206, '마츠무라 호쿠토', '새벽의 모든');
INSERT INTO tblActor (seqActor, actorName, actorMovie) VALUES (207, '후카츠 에리', '서바이벌 패밀리');
INSERT INTO tblActor (seqActor, actorName, actorMovie) VALUES (208, '마츠모토 코시로', '히어로');
INSERT INTO tblActor (seqActor, actorName, actorMovie) VALUES (209, '소메타니 쇼타', '위국일기');
INSERT INTO tblActor (seqActor, actorName, actorMovie) VALUES (210, '이토 사이리', '가부키초의 탐정 마리코');
INSERT INTO tblActor (seqActor, actorName, actorMovie) VALUES (211, '하나세 코토네', NULL);
INSERT INTO tblActor (seqActor, actorName, actorMovie) VALUES (212, '하나자와 카나', '귀멸의 칼날: 인연의 기적, 그리고 합동 강화 훈련으로');
INSERT INTO tblActor (seqActor, actorName, actorMovie) VALUES (213, '카미키 류노스케', '고질라 마이너스 원');
INSERT INTO tblActor (seqActor, actorName, actorMovie) VALUES (214, '하마베 미나미', '금의 나라 물의 나라');
INSERT INTO tblActor (seqActor, actorName, actorMovie) VALUES (215, '야마다 료스케', '타올라라 검');
INSERT INTO tblActor (seqActor, actorName, actorMovie) VALUES (216, '나애진', '굿 마더');
INSERT INTO tblActor (seqActor, actorName, actorMovie) VALUES (217, '안석환', '쿼바디스');
INSERT INTO tblActor (seqActor, actorName, actorMovie) VALUES (218, '강봉성', '캐논볼');
INSERT INTO tblActor (seqActor, actorName, actorMovie) VALUES (219, '김진영', '니나 내나');
INSERT INTO tblActor (seqActor, actorName, actorMovie) VALUES (220, '최정현', NULL);
INSERT INTO tblActor (seqActor, actorName, actorMovie) VALUES (221, '박현숙', '열여덟, 어른이 되는 나이');
INSERT INTO tblActor (seqActor, actorName, actorMovie) VALUES (222, '옹성우', '인생은 아름다워');
INSERT INTO tblActor (seqActor, actorName, actorMovie) VALUES (223, '김지은', NULL);
INSERT INTO tblActor (seqActor, actorName, actorMovie) VALUES (224, '박예린', '왕을 찾아서');
INSERT INTO tblActor (seqActor, actorName, actorMovie) VALUES (225, '정재헌', '바다 탐험대 옥토넛 어보브 앤 비욘드: 극지방 대작전');
INSERT INTO tblActor (seqActor, actorName, actorMovie) VALUES (226, '사성웅', '극장판 엉덩이 탐정: 안녕, 나의 영원한 친구');
INSERT INTO tblActor (seqActor, actorName, actorMovie) VALUES (227, '김사라', '극장판 엉덩이 탐정: 안녕, 나의 영원한 친구');
INSERT INTO tblActor (seqActor, actorName, actorMovie) VALUES (228, '서기', '아일랜드');
INSERT INTO tblActor (seqActor, actorName, actorMovie) VALUES (229, '고첩', '천량지전: 새벽이 오기 전에');
INSERT INTO tblActor (seqActor, actorName, actorMovie) VALUES (230, '투안 춘하오', NULL);
INSERT INTO tblActor (seqActor, actorName, actorMovie) VALUES (231, '유승택', '러브');
INSERT INTO tblActor (seqActor, actorName, actorMovie) VALUES (232, '다케우치 준', NULL);

--tblMovieActor, tblMovie값 먼저 넣어야함
INSERT INTO tblMovieActor (seqMovieActor, character, seqM, seqActor) VALUES (1, '안중근', 1, 1);
INSERT INTO tblMovieActor (seqMovieActor, character, seqM, seqActor) VALUES (2, '우덕순', 2, 1);
INSERT INTO tblMovieActor (seqMovieActor, character, seqM, seqActor) VALUES (3, '김상현', 3, 1);
INSERT INTO tblMovieActor (seqMovieActor, character, seqM, seqActor) VALUES (4, '공부인', 4, 1);
INSERT INTO tblMovieActor (seqMovieActor, character, seqM, seqActor) VALUES (5, '모리 다쓰오', 5, 1);
INSERT INTO tblMovieActor (seqMovieActor, character, seqM, seqActor) VALUES (6, '최재형', 6, 1);
INSERT INTO tblMovieActor (seqMovieActor, character, seqM, seqActor) VALUES (7, '이토 히로부미', 7, 1);
INSERT INTO tblMovieActor (seqMovieActor, character, seqM, seqActor) VALUES (8, '이창섭', 8, 1);
INSERT INTO tblMovieActor (seqMovieActor, character, seqM, seqActor) VALUES (9, '철웅', 9, 2);
INSERT INTO tblMovieActor (seqMovieActor, character, seqM, seqActor) VALUES (10, '인기', 6, 2);
INSERT INTO tblMovieActor (seqMovieActor, character, seqM, seqActor) VALUES (11, '서희', 11, 2);
INSERT INTO tblMovieActor (seqMovieActor, character, seqM, seqActor) VALUES (12, '용태', 12, 2);
INSERT INTO tblMovieActor (seqMovieActor, character, seqM, seqActor) VALUES (13, '효종', 13, 2);
INSERT INTO tblMovieActor (seqMovieActor, character, seqM, seqActor) VALUES (14, '기철', 14, 2);
INSERT INTO tblMovieActor (seqMovieActor, character, seqM, seqActor) VALUES (15, '도순', 15, 2);
INSERT INTO tblMovieActor (seqMovieActor, character, seqM, seqActor) VALUES (16, '단비', 16, 3);
INSERT INTO tblMovieActor (seqMovieActor, character, seqM, seqActor) VALUES (17, '정석', 17, 3);
INSERT INTO tblMovieActor (seqMovieActor, character, seqM, seqActor) VALUES (18, '황대표', 18, 3);
INSERT INTO tblMovieActor (seqMovieActor, character, seqM, seqActor) VALUES (19, '엘리자베스', 19, 4);
INSERT INTO tblMovieActor (seqMovieActor, character, seqM, seqActor) VALUES (20, '수', 20, 4);
INSERT INTO tblMovieActor (seqMovieActor, character, seqM, seqActor) VALUES (21, '하비', 21, 4);
INSERT INTO tblMovieActor (seqMovieActor, character, seqM, seqActor) VALUES (22, '뽀로로', 22, 5);
INSERT INTO tblMovieActor (seqMovieActor, character, seqM, seqActor) VALUES (23, '크롱', 23, 5);
INSERT INTO tblMovieActor (seqMovieActor, character, seqM, seqActor) VALUES (24, '에디', 24, 5);
INSERT INTO tblMovieActor (seqMovieActor, character, seqM, seqActor) VALUES (25, '루피', 25, 5);
INSERT INTO tblMovieActor (seqMovieActor, character, seqM, seqActor) VALUES (26, '패티', 26, 5);
INSERT INTO tblMovieActor (seqMovieActor, character, seqM, seqActor) VALUES (27, '해리/마린', 27, 5);
INSERT INTO tblMovieActor (seqMovieActor, character, seqM, seqActor) VALUES (28, '포비', 28, 5);
INSERT INTO tblMovieActor (seqMovieActor, character, seqM, seqActor) VALUES (29, '머록', 29, 5);
INSERT INTO tblMovieActor (seqMovieActor, character, seqM, seqActor) VALUES (30, '불독', 30, 5);
INSERT INTO tblMovieActor (seqMovieActor, character, seqM, seqActor) VALUES (31, '햄스터/시터스', 31, 5);
INSERT INTO tblMovieActor (seqMovieActor, character, seqM, seqActor) VALUES (32, '로보트닉/제럴드', 32, 6);
INSERT INTO tblMovieActor (seqMovieActor, character, seqM, seqActor) VALUES (33, '소닉', 33, 6);
INSERT INTO tblMovieActor (seqMovieActor, character, seqM, seqActor) VALUES (34, '톰', 34, 6);
INSERT INTO tblMovieActor (seqMovieActor, character, seqM, seqActor) VALUES (35, '매디', 35, 6);
INSERT INTO tblMovieActor (seqMovieActor, character, seqM, seqActor) VALUES (36, '너클즈', 36, 6);
INSERT INTO tblMovieActor (seqMovieActor, character, seqM, seqActor) VALUES (37, '섀도우', 37, 6);
INSERT INTO tblMovieActor (seqMovieActor, character, seqM, seqActor) VALUES (38, '짱구', 38, 7);
INSERT INTO tblMovieActor (seqMovieActor, character, seqM, seqActor) VALUES (39, '봉미선', 39, 7);
INSERT INTO tblMovieActor (seqMovieActor, character, seqM, seqActor) VALUES (40, '신형만', 40, 7);
INSERT INTO tblMovieActor (seqMovieActor, character, seqM, seqActor) VALUES (41, '엘파바', 41, 8);
INSERT INTO tblMovieActor (seqMovieActor, character, seqM, seqActor) VALUES (42, '글린다', 42, 8);
INSERT INTO tblMovieActor (seqMovieActor, character, seqM, seqActor) VALUES (43, '모리블 마담', 43, 8);
INSERT INTO tblMovieActor (seqMovieActor, character, seqM, seqActor) VALUES (44, '위자드', 44, 8);
INSERT INTO tblMovieActor (seqMovieActor, character, seqM, seqActor) VALUES (45, '피예로', 45, 8);
INSERT INTO tblMovieActor (seqMovieActor, character, seqM, seqActor) VALUES (46, '보크', 46, 8);
INSERT INTO tblMovieActor (seqMovieActor, character, seqM, seqActor) VALUES (47, '모아나 (목소리)', 48, 9);
INSERT INTO tblMovieActor (seqMovieActor, character, seqM, seqActor) VALUES (48, '마우이 (목소리)', 49, 9);
INSERT INTO tblMovieActor (seqMovieActor, character, seqM, seqActor) VALUES (49, '무파사', 50, 10);
INSERT INTO tblMovieActor (seqMovieActor, character, seqM, seqActor) VALUES (50, '타카', 51, 10);
INSERT INTO tblMovieActor (seqMovieActor, character, seqM, seqActor) VALUES (51, '라피키', 52, 10);
INSERT INTO tblMovieActor (seqMovieActor, character, seqM, seqActor) VALUES (52, '품바', 53, 10);
INSERT INTO tblMovieActor (seqMovieActor, character, seqM, seqActor) VALUES (53, '티몬', 54, 10);
INSERT INTO tblMovieActor (seqMovieActor, character, seqM, seqActor) VALUES (54, '심바', 55, 10);
INSERT INTO tblMovieActor (seqMovieActor, character, seqM, seqActor) VALUES (55, '키로스', 56, 10);
INSERT INTO tblMovieActor (seqMovieActor, character, seqM, seqActor) VALUES (56, '에샤', 57, 10);
INSERT INTO tblMovieActor (seqMovieActor, character, seqM, seqActor) VALUES (57, '키아라', 58, 10);
INSERT INTO tblMovieActor (seqMovieActor, character, seqM, seqActor) VALUES (58, '나라', 59, 10);
INSERT INTO tblMovieActor (seqMovieActor, character, seqM, seqActor) VALUES (59, '국희', 60, 11);
INSERT INTO tblMovieActor (seqMovieActor, character, seqM, seqActor) VALUES (60, '수영', 61, 11);
INSERT INTO tblMovieActor (seqMovieActor, character, seqM, seqActor) VALUES (61, '박병장', 62, 11);
INSERT INTO tblMovieActor (seqMovieActor, character, seqM, seqActor) VALUES (62, '박사장', 63, 11);
INSERT INTO tblMovieActor (seqMovieActor, character, seqM, seqActor) VALUES (63, '재웅', 64, 11);
INSERT INTO tblMovieActor (seqMovieActor, character, seqM, seqActor) VALUES (64, '근태', 65, 11);
INSERT INTO tblMovieActor (seqMovieActor, character, seqM, seqActor) VALUES (65, '도현', 66, 12);
INSERT INTO tblMovieActor (seqMovieActor, character, seqM, seqActor) VALUES (66, '지우', 67, 12);
INSERT INTO tblMovieActor (seqMovieActor, character, seqM, seqActor) VALUES (67, '캐빈', 68, 12);
INSERT INTO tblMovieActor (seqMovieActor, character, seqM, seqActor) VALUES (68, '옥자', 69, 12);
INSERT INTO tblMovieActor (seqMovieActor, character, seqM, seqActor) VALUES (69, '후지이 이츠키/와타나베 히로코', 71, 13);
INSERT INTO tblMovieActor (seqMovieActor, character, seqM, seqActor) VALUES (70, '후지이 이츠키(소녀)', 72, 13);
INSERT INTO tblMovieActor (seqMovieActor, character, seqM, seqActor) VALUES (71, '후지이 이츠키(소년)', 73, 13);
INSERT INTO tblMovieActor (seqMovieActor, character, seqM, seqActor) VALUES (72, '시게루 아키바', 74, 13);
INSERT INTO tblMovieActor (seqMovieActor, character, seqM, seqActor) VALUES (73, '카지오야지', 75, 13);
INSERT INTO tblMovieActor (seqMovieActor, character, seqM, seqActor) VALUES (74, '아베카스', 78, 13);
INSERT INTO tblMovieActor (seqMovieActor, character, seqM, seqActor) VALUES (75, '하마구치 선생', 79, 13);
INSERT INTO tblMovieActor (seqMovieActor, character, seqM, seqActor) VALUES (76, '오이카와 사나에', 80, 13);
INSERT INTO tblMovieActor (seqMovieActor, character, seqM, seqActor) VALUES (77, '엘렌', 81, 14);
INSERT INTO tblMovieActor (seqMovieActor, character, seqM, seqActor) VALUES (78, '토마스', 82, 14);
INSERT INTO tblMovieActor (seqMovieActor, character, seqM, seqActor) VALUES (79, '해리 포터', 87, 15);
INSERT INTO tblMovieActor (seqMovieActor, character, seqM, seqActor) VALUES (80, '헤르미온느 그레인저', 88, 15);
INSERT INTO tblMovieActor (seqMovieActor, character, seqM, seqActor) VALUES (81, '론 위즐리', 89, 15);
INSERT INTO tblMovieActor (seqMovieActor, character, seqM, seqActor) VALUES (82, '볼드모트', 90, 15);
INSERT INTO tblMovieActor (seqMovieActor, character, seqM, seqActor) VALUES (83, '덤블도어 교장', 91, 15);
INSERT INTO tblMovieActor (seqMovieActor, character, seqM, seqActor) VALUES (84, '스네이프 교수', 92, 15);
INSERT INTO tblMovieActor (seqMovieActor, character, seqM, seqActor) VALUES (85, '루나 러브굿', 93, 15);
INSERT INTO tblMovieActor (seqMovieActor, character, seqM, seqActor) VALUES (86, '빌 위즐리', 94, 15);
INSERT INTO tblMovieActor (seqMovieActor, character, seqM, seqActor) VALUES (87, '플레르 델라쿠르', 95, 15);
INSERT INTO tblMovieActor (seqMovieActor, character, seqM, seqActor) VALUES (88, '그립 후크 / 플리트윅 교수', 96, 15);
INSERT INTO tblMovieActor (seqMovieActor, character, seqM, seqActor) VALUES (89, '로이', 97, 17);
INSERT INTO tblMovieActor (seqMovieActor, character, seqM, seqActor) VALUES (90, '알렉산드리아', 98, 17);
INSERT INTO tblMovieActor (seqMovieActor, character, seqM, seqActor) VALUES (91, '프로도', 109, 19);
INSERT INTO tblMovieActor (seqMovieActor, character, seqM, seqActor) VALUES (92, '아라곤', 110, 19);
INSERT INTO tblMovieActor (seqMovieActor, character, seqM, seqActor) VALUES (93, '샘', 111, 19);
INSERT INTO tblMovieActor (seqMovieActor, character, seqM, seqActor) VALUES (94, '레골라스', 112, 19);
INSERT INTO tblMovieActor (seqMovieActor, character, seqM, seqActor) VALUES (95, '간달프', 113, 19);
INSERT INTO tblMovieActor (seqMovieActor, character, seqM, seqActor) VALUES (96, '골룸', 114, 19);
INSERT INTO tblMovieActor (seqMovieActor, character, seqM, seqActor) VALUES (97, '아르웬', 115, 19);
INSERT INTO tblMovieActor (seqMovieActor, character, seqM, seqActor) VALUES (98, '김리', 116, 19);
INSERT INTO tblMovieActor (seqMovieActor, character, seqM, seqActor) VALUES (99, '메리', 117, 19);
INSERT INTO tblMovieActor (seqMovieActor, character, seqM, seqActor) VALUES (100, '사루만', 118, 19);
INSERT INTO tblMovieActor (seqMovieActor, character, seqM, seqActor) VALUES (101, '데이비드', 119, 20);
INSERT INTO tblMovieActor (seqMovieActor, character, seqM, seqActor) VALUES (102, '벤지', 120, 20);
INSERT INTO tblMovieActor (seqMovieActor, character, seqM, seqActor) VALUES (103, '제임스', 121, 20);
INSERT INTO tblMovieActor (seqMovieActor, character, seqM, seqActor) VALUES (104, '마샤', 122, 20);
INSERT INTO tblMovieActor (seqMovieActor, character, seqM, seqActor) VALUES (105, '리', 233, 22);
INSERT INTO tblMovieActor (seqMovieActor, character, seqM, seqActor) VALUES (106, '제시', 234, 22);
INSERT INTO tblMovieActor (seqMovieActor, character, seqM, seqActor) VALUES (107, '조엘', 235, 22);
INSERT INTO tblMovieActor (seqMovieActor, character, seqM, seqActor) VALUES (108, '새미', 236, 22);
INSERT INTO tblMovieActor (seqMovieActor, character, seqM, seqActor) VALUES (109, '엔초 페라리', 241, 23);
INSERT INTO tblMovieActor (seqMovieActor, character, seqM, seqActor) VALUES (110, '로라 페라리', 242, 23);
INSERT INTO tblMovieActor (seqMovieActor, character, seqM, seqActor) VALUES (111, '리나 라르디', 243, 23);
INSERT INTO tblMovieActor (seqMovieActor, character, seqM, seqActor) VALUES (112, '쿠퍼', 244, 24);
INSERT INTO tblMovieActor (seqMovieActor, character, seqM, seqActor) VALUES (113, '머피', 245, 24);
INSERT INTO tblMovieActor (seqMovieActor, character, seqM, seqActor) VALUES (114, '아멜리아', 246, 24);
INSERT INTO tblMovieActor (seqMovieActor, character, seqM, seqActor) VALUES (115, '브랜드', 247, 24);
INSERT INTO tblMovieActor (seqMovieActor, character, seqM, seqActor) VALUES (116, '어린 머피', 248, 24);
INSERT INTO tblMovieActor (seqMovieActor, character, seqM, seqActor) VALUES (117, '톰', 249, 24);
INSERT INTO tblMovieActor (seqMovieActor, character, seqM, seqActor) VALUES (118, 'Dr. 만', 251, 24);
INSERT INTO tblMovieActor (seqMovieActor, character, seqM, seqActor) VALUES (119, '게티', 252, 24);
INSERT INTO tblMovieActor (seqMovieActor, character, seqM, seqActor) VALUES (120, '로밀리', 253, 24);
INSERT INTO tblMovieActor (seqMovieActor, character, seqM, seqActor) VALUES (121, '오스칼', 123, 25);
INSERT INTO tblMovieActor (seqMovieActor, character, seqM, seqActor) VALUES (122, '이엘리', 124, 25);
INSERT INTO tblMovieActor (seqMovieActor, character, seqM, seqActor) VALUES (123, '이본느', 125, 25);
INSERT INTO tblMovieActor (seqMovieActor, character, seqM, seqActor) VALUES (124, '버지니아', 126, 25);
INSERT INTO tblMovieActor (seqMovieActor, character, seqM, seqActor) VALUES (125, '태이', 129, 26);
INSERT INTO tblMovieActor (seqMovieActor, character, seqM, seqActor) VALUES (126, '유림', 130, 26);
INSERT INTO tblMovieActor (seqMovieActor, character, seqM, seqActor) VALUES (127, '빌', 131, 27);
INSERT INTO tblMovieActor (seqMovieActor, character, seqM, seqActor) VALUES (128, '아일린', 132, 27);
INSERT INTO tblMovieActor (seqMovieActor, character, seqM, seqActor) VALUES (129, '준', 137, 28);
INSERT INTO tblMovieActor (seqMovieActor, character, seqM, seqActor) VALUES (130, '덕규', 138, 28);
INSERT INTO tblMovieActor (seqMovieActor, character, seqM, seqActor) VALUES (131, '철', 139, 28);
INSERT INTO tblMovieActor (seqMovieActor, character, seqM, seqActor) VALUES (132, '미나', 140, 28);
INSERT INTO tblMovieActor (seqMovieActor, character, seqM, seqActor) VALUES (133, '피에르 쟝', 141, 28);
INSERT INTO tblMovieActor (seqMovieActor, character, seqM, seqActor) VALUES (134, '가영', 142, 28);
INSERT INTO tblMovieActor (seqMovieActor, character, seqM, seqActor) VALUES (135, '규만', 143, 28);
INSERT INTO tblMovieActor (seqMovieActor, character, seqM, seqActor) VALUES (136, '요리코', 144, 29);
INSERT INTO tblMovieActor (seqMovieActor, character, seqM, seqActor) VALUES (137, '오사무', 145, 29);
INSERT INTO tblMovieActor (seqMovieActor, character, seqM, seqActor) VALUES (138, '타쿠야', 146, 29);
INSERT INTO tblMovieActor (seqMovieActor, character, seqM, seqActor) VALUES (139, '미즈키', 147, 29);
INSERT INTO tblMovieActor (seqMovieActor, character, seqM, seqActor) VALUES (140, '안소니', 148, 30);
INSERT INTO tblMovieActor (seqMovieActor, character, seqM, seqActor) VALUES (141, '조', 149, 30);
INSERT INTO tblMovieActor (seqMovieActor, character, seqM, seqActor) VALUES (142, '블레이크', 150, 30);
INSERT INTO tblMovieActor (seqMovieActor, character, seqM, seqActor) VALUES (143, '리', 151, 30);
INSERT INTO tblMovieActor (seqMovieActor, character, seqM, seqActor) VALUES (144, '유준', 152, 31);
INSERT INTO tblMovieActor (seqMovieActor, character, seqM, seqActor) VALUES (145, '정아', 153, 31);
INSERT INTO tblMovieActor (seqMovieActor, character, seqM, seqActor) VALUES (146, '인희', 154, 31);
INSERT INTO tblMovieActor (seqMovieActor, character, seqM, seqActor) VALUES (147, '리지', 157, 32);
INSERT INTO tblMovieActor (seqMovieActor, character, seqM, seqActor) VALUES (148, '빌', 158, 32);
INSERT INTO tblMovieActor (seqMovieActor, character, seqM, seqActor) VALUES (149, '조', 159, 32);
INSERT INTO tblMovieActor (seqMovieActor, character, seqM, seqActor) VALUES (150, '진', 160, 32);
INSERT INTO tblMovieActor (seqMovieActor, character, seqM, seqActor) VALUES (151, '션', 161, 32);
INSERT INTO tblMovieActor (seqMovieActor, character, seqM, seqActor) VALUES (152, '에릭', 162, 32);
INSERT INTO tblMovieActor (seqMovieActor, character, seqM, seqActor) VALUES (153, '이라', 163, 32);
INSERT INTO tblMovieActor (seqMovieActor, character, seqM, seqActor) VALUES (154, '옷코츠 유타 (목소리)', 164, 33);
INSERT INTO tblMovieActor (seqMovieActor, character, seqM, seqActor) VALUES (155, '오리모토 리카 (목소리)', 165, 33);
INSERT INTO tblMovieActor (seqMovieActor, character, seqM, seqActor) VALUES (156, '젠인 마키 (목소리)', 166, 33);
INSERT INTO tblMovieActor (seqMovieActor, character, seqM, seqActor) VALUES (157, '이누마키 토게 (목소리)', 167, 33);
INSERT INTO tblMovieActor (seqMovieActor, character, seqM, seqActor) VALUES (158, '판다 (목소리)', 168, 33);
INSERT INTO tblMovieActor (seqMovieActor, character, seqM, seqActor) VALUES (159, '고죠 사토루 (목소리)', 169, 33);
INSERT INTO tblMovieActor (seqMovieActor, character, seqM, seqActor) VALUES (160, '게토 스구루 (목소리)', 170, 33);
INSERT INTO tblMovieActor (seqMovieActor, character, seqM, seqActor) VALUES (161, '엘로이즈', 171, 34);
INSERT INTO tblMovieActor (seqMovieActor, character, seqM, seqActor) VALUES (162, '마리안느', 172, 34);
INSERT INTO tblMovieActor (seqMovieActor, character, seqM, seqActor) VALUES (163, '백작 부인', 173, 34);
INSERT INTO tblMovieActor (seqMovieActor, character, seqM, seqActor) VALUES (164, '무옥', 174, 35);
INSERT INTO tblMovieActor (seqMovieActor, character, seqM, seqActor) VALUES (165, '문석', 175, 35);
INSERT INTO tblMovieActor (seqMovieActor, character, seqM, seqActor) VALUES (166, '방여사', 176, 35);
INSERT INTO tblMovieActor (seqMovieActor, character, seqM, seqActor) VALUES (167, '가연', 177, 35);
INSERT INTO tblMovieActor (seqMovieActor, character, seqM, seqActor) VALUES (168, '인행', 178, 35);
INSERT INTO tblMovieActor (seqMovieActor, character, seqM, seqActor) VALUES (169, '강상수', 181, 35);
INSERT INTO tblMovieActor (seqMovieActor, character, seqM, seqActor) VALUES (170, '원장수녀', 182, 35);
INSERT INTO tblMovieActor (seqMovieActor, character, seqM, seqActor) VALUES (171, '혜원', 192, 38);
INSERT INTO tblMovieActor (seqMovieActor, character, seqM, seqActor) VALUES (172, '재하', 193, 38);
INSERT INTO tblMovieActor (seqMovieActor, character, seqM, seqActor) VALUES (173, '혜원 엄마', 194, 38);
INSERT INTO tblMovieActor (seqMovieActor, character, seqM, seqActor) VALUES (174, '은숙', 195, 38);
INSERT INTO tblMovieActor (seqMovieActor, character, seqM, seqActor) VALUES (175, '앙주', 196, 39);
INSERT INTO tblMovieActor (seqMovieActor, character, seqM, seqActor) VALUES (176, '카린', 197, 39);
INSERT INTO tblMovieActor (seqMovieActor, character, seqM, seqActor) VALUES (177, '테츠야', 198, 39);
INSERT INTO tblMovieActor (seqMovieActor, character, seqM, seqActor) VALUES (178, '신사: 악귀의 속삭임', 199, 41);
INSERT INTO tblMovieActor (seqMovieActor, character, seqM, seqActor) VALUES (179, '이', 200, 42);
INSERT INTO tblMovieActor (seqMovieActor, character, seqM, seqActor) VALUES (180, '왕치아즈/막 부인', 201, 42);
INSERT INTO tblMovieActor (seqMovieActor, character, seqM, seqActor) VALUES (181, '이 부인', 202, 42);
INSERT INTO tblMovieActor (seqMovieActor, character, seqM, seqActor) VALUES (182, '광위민', 203, 42);
INSERT INTO tblMovieActor (seqMovieActor, character, seqM, seqActor) VALUES (183, '이와토 스즈메', 205, 43);
INSERT INTO tblMovieActor (seqMovieActor, character, seqM, seqActor) VALUES (184, '무나카타 소타', 206, 43);
INSERT INTO tblMovieActor (seqMovieActor, character, seqM, seqActor) VALUES (185, '이와토 타마키', 207, 43);
INSERT INTO tblMovieActor (seqMovieActor, character, seqM, seqActor) VALUES (186, '무나카타 히츠지로', 208, 43);
INSERT INTO tblMovieActor (seqMovieActor, character, seqM, seqActor) VALUES (187, '오카베 미노루', 209, 43);
INSERT INTO tblMovieActor (seqMovieActor, character, seqM, seqActor) VALUES (188, '니노미야 루미', 210, 43);
INSERT INTO tblMovieActor (seqMovieActor, character, seqM, seqActor) VALUES (189, '아마베 치카', 211, 43);
INSERT INTO tblMovieActor (seqMovieActor, character, seqM, seqActor) VALUES (190, '이와토 츠바메', 212, 43);
INSERT INTO tblMovieActor (seqMovieActor, character, seqM, seqActor) VALUES (191, '세리자와 토모야', 213, 43);
INSERT INTO tblMovieActor (seqMovieActor, character, seqM, seqActor) VALUES (192, '미카', 214, 44);
INSERT INTO tblMovieActor (seqMovieActor, character, seqM, seqActor) VALUES (193, '아오이', 215, 44);
INSERT INTO tblMovieActor (seqMovieActor, character, seqM, seqActor) VALUES (194, '정서', 216, 45);
INSERT INTO tblMovieActor (seqMovieActor, character, seqM, seqActor) VALUES (195, '영주', 217, 45);
INSERT INTO tblMovieActor (seqMovieActor, character, seqM, seqActor) VALUES (196, '경현', 218, 45);
INSERT INTO tblMovieActor (seqMovieActor, character, seqM, seqActor) VALUES (197, '정해', 219, 45);
INSERT INTO tblMovieActor (seqMovieActor, character, seqM, seqActor) VALUES (198, '주희', 220, 45);
INSERT INTO tblMovieActor (seqMovieActor, character, seqM, seqActor) VALUES (199, '미영', 221, 45);
INSERT INTO tblMovieActor (seqMovieActor, character, seqM, seqActor) VALUES (200, '니코 (한국어 목소리)', 222, 46);
INSERT INTO tblMovieActor (seqMovieActor, character, seqM, seqActor) VALUES (201, '스텔라 (한국어 목소리)', 223, 46);
INSERT INTO tblMovieActor (seqMovieActor, character, seqM, seqActor) VALUES (202, '릴리 (한국어 목소리)', 224, 46);
INSERT INTO tblMovieActor (seqMovieActor, character, seqM, seqActor) VALUES (203, '줄리어스 (한국어 목소리)', 225, 46);
INSERT INTO tblMovieActor (seqMovieActor, character, seqM, seqActor) VALUES (204, '프랜서 (한국어 목소리)', 226, 46);
INSERT INTO tblMovieActor (seqMovieActor, character, seqM, seqActor) VALUES (205, '윌마 (한국어 목소리)', 227, 46);
INSERT INTO tblMovieActor (seqMovieActor, character, seqM, seqActor) VALUES (206, '비키', 228, 48);
INSERT INTO tblMovieActor (seqMovieActor, character, seqM, seqActor) VALUES (207, '잭', 229, 48);
INSERT INTO tblMovieActor (seqMovieActor, character, seqM, seqActor) VALUES (208, '하오하오', 230, 48);
INSERT INTO tblMovieActor (seqMovieActor, character, seqM, seqActor) VALUES (209, '하오하오', 231, 48);
INSERT INTO tblMovieActor (seqMovieActor, character, seqM, seqActor) VALUES (210, '준', 232, 48);


--tblMasterpiece
INSERT INTO tblMasterpiece (seqMasterpiece, directorName, Masterpiece) VALUES (1, '우민호', '남산의 부장들');
INSERT INTO tblMasterpiece (seqMasterpiece, directorName, Masterpiece) VALUES (2, '곽경택', '장사리 : 잊혀진 영웅들');
INSERT INTO tblMasterpiece (seqMasterpiece, directorName, Masterpiece) VALUES (3, '이종석', '뮤지컬 파워레인저 : 애니멀포스');
INSERT INTO tblMasterpiece (seqMasterpiece, directorName, Masterpiece) VALUES (4, '코랄리 파르쟈', '리벤지');
INSERT INTO tblMasterpiece (seqMasterpiece, directorName, Masterpiece) VALUES (5, '윤제완', '뽀로로 극장판 바닷속 대모험');
INSERT INTO tblMasterpiece (seqMasterpiece, directorName, Masterpiece) VALUES (6, '제프 파울러', '수퍼 소닉2');
INSERT INTO tblMasterpiece (seqMasterpiece, directorName, Masterpiece) VALUES (7, '사사키 시노부', '극장판 짱구는 못말려: 우리들의 공룡일기');
INSERT INTO tblMasterpiece (seqMasterpiece, directorName, Masterpiece) VALUES (8, '존 추', '인 더 하이츠');
INSERT INTO tblMasterpiece (seqMasterpiece, directorName, Masterpiece) VALUES (9, '데이비드 데릭 주니어', '모아나2');
INSERT INTO tblMasterpiece (seqMasterpiece, directorName, Masterpiece) VALUES (10, '배리 젠킨스', '빌 스트리트가 말할 수 있다면');
INSERT INTO tblMasterpiece (seqMasterpiece, directorName, Masterpiece) VALUES (11, '김성제', '소수의견');
INSERT INTO tblMasterpiece (seqMasterpiece, directorName, Masterpiece) VALUES (12, '현해리', '폭락');
INSERT INTO tblMasterpiece (seqMasterpiece, directorName, Masterpiece) VALUES (13, '이와이 슌지', '8일 만에 죽은 괴수의 12일 이야기');
INSERT INTO tblMasterpiece (seqMasterpiece, directorName, Masterpiece) VALUES (14, '로버트 에거스', '노스맨');
INSERT INTO tblMasterpiece (seqMasterpiece, directorName, Masterpiece) VALUES (15, '데이빗 예이츠', '신비한 동물들과 덤블도어의 비밀');
INSERT INTO tblMasterpiece (seqMasterpiece, directorName, Masterpiece) VALUES (16, '우테 폰 뮌쇼폴', '래빗스쿨 2: 부활절 대소동');
INSERT INTO tblMasterpiece (seqMasterpiece, directorName, Masterpiece) VALUES (17, '타셈 싱', '에메랄드 시티');
INSERT INTO tblMasterpiece (seqMasterpiece, directorName, Masterpiece) VALUES (18, '쿠로카와 토모유키', '데드데드 데몬즈 디디디디 디스트럭션: 파트2');
INSERT INTO tblMasterpiece (seqMasterpiece, directorName, Masterpiece) VALUES (19, '피터 잭슨', '비틀즈 겟 백: 루프탑 콘서트');
INSERT INTO tblMasterpiece (seqMasterpiece, directorName, Masterpiece) VALUES (20, '제시 아이젠버그', '리얼 페인');
INSERT INTO tblMasterpiece (seqMasterpiece, directorName, Masterpiece) VALUES (21, '', '');
INSERT INTO tblMasterpiece (seqMasterpiece, directorName, Masterpiece) VALUES (22, '알렉스 가랜드', '멘');
INSERT INTO tblMasterpiece (seqMasterpiece, directorName, Masterpiece) VALUES (23, '마이클 만', '블랙코드');
INSERT INTO tblMasterpiece (seqMasterpiece, directorName, Masterpiece) VALUES (24, '크리스토퍼 놀란', '오펜하이머');
INSERT INTO tblMasterpiece (seqMasterpiece, directorName, Masterpiece) VALUES (25, '토마스 알프레드슨', '스노우맨');
INSERT INTO tblMasterpiece (seqMasterpiece, directorName, Masterpiece) VALUES (26, '이현지', '한밤의 판타지아');
INSERT INTO tblMasterpiece (seqMasterpiece, directorName, Masterpiece) VALUES (27, '팀 밀란츠', '이처럼 사소한 것들');
INSERT INTO tblMasterpiece (seqMasterpiece, directorName, Masterpiece) VALUES (28, '최원섭', '히트맨');
INSERT INTO tblMasterpiece (seqMasterpiece, directorName, Masterpiece) VALUES (29, '오기가미 나오코', '강변의 무코리타');
INSERT INTO tblMasterpiece (seqMasterpiece, directorName, Masterpiece) VALUES (30, '조슈아 존 밀러', '더 엑소시즘');
INSERT INTO tblMasterpiece (seqMasterpiece, directorName, Masterpiece) VALUES (31, '서유민', '내일의 기억');
INSERT INTO tblMasterpiece (seqMasterpiece, directorName, Masterpiece) VALUES (32, '켈리 라이카트', '퍼스트 카우');
INSERT INTO tblMasterpiece (seqMasterpiece, directorName, Masterpiece) VALUES (33, '박성후', '극장판 주술회전 0');
INSERT INTO tblMasterpiece (seqMasterpiece, directorName, Masterpiece) VALUES (34, '셀린 시아마', '쁘띠 마망');
INSERT INTO tblMasterpiece (seqMasterpiece, directorName, Masterpiece) VALUES (35, '양우석', '강철비2: 정상회담');
INSERT INTO tblMasterpiece (seqMasterpiece, directorName, Masterpiece) VALUES (36, '오윤동', '태용: 티와이 트랙 인 시네마');
INSERT INTO tblMasterpiece (seqMasterpiece, directorName, Masterpiece) VALUES (37, '루카 비오토', '성 베드로 대성당과 로마의 교황청 대성당들');
INSERT INTO tblMasterpiece (seqMasterpiece, directorName, Masterpiece) VALUES (38, '임순례', '교섭');
INSERT INTO tblMasterpiece (seqMasterpiece, directorName, Masterpiece) VALUES (39, '야마시타 노부히로', '고백');
INSERT INTO tblMasterpiece (seqMasterpiece, directorName, Masterpiece) VALUES (40, '아에몽', '퍼스트레이디');
INSERT INTO tblMasterpiece (seqMasterpiece, directorName, Masterpiece) VALUES (41, '손석', '신화 라이브 3D 더 레전드 컨티뉴스');
INSERT INTO tblMasterpiece (seqMasterpiece, directorName, Masterpiece) VALUES (42, '이안', '제미니 맨');
INSERT INTO tblMasterpiece (seqMasterpiece, directorName, Masterpiece) VALUES (43, '신카이 마코토', '날씨의 아이');
INSERT INTO tblMasterpiece (seqMasterpiece, directorName, Masterpiece) VALUES (44, '우치다 에이지', '가부키초의 탐정 마리코');
INSERT INTO tblMasterpiece (seqMasterpiece, directorName, Masterpiece) VALUES (45, '장만민', '히스테리아');
INSERT INTO tblMasterpiece (seqMasterpiece, directorName, Masterpiece) VALUES (46, '캐리 주스넌', '니코 : 산타비행단의 모험');
INSERT INTO tblMasterpiece (seqMasterpiece, directorName, Masterpiece) VALUES (47, '', '');
INSERT INTO tblMasterpiece (seqMasterpiece, directorName, Masterpiece) VALUES (48, '허우 샤오시엔', '자객 섭은낭');
INSERT INTO tblMasterpiece (seqMasterpiece, directorName, Masterpiece) VALUES (49, '리차드 클라우스', '아인보: 아마존의 전설');
INSERT INTO tblMasterpiece (seqMasterpiece, directorName, Masterpiece) VALUES (50, '', '');


--tblDirector, tblMovie에 자료를 넣어야함
INSERT INTO tblDirector (seqDirector, seqM, seqMasterpiece) VALUES (1, 1, 1);
INSERT INTO tblDirector (seqDirector, seqM, seqMasterpiece) VALUES (2, 2, 2);
INSERT INTO tblDirector (seqDirector, seqM, seqMasterpiece) VALUES (3, 3, 3);
INSERT INTO tblDirector (seqDirector, seqM, seqMasterpiece) VALUES (4, 4, 4);
INSERT INTO tblDirector (seqDirector, seqM, seqMasterpiece) VALUES (5, 5, 5);
INSERT INTO tblDirector (seqDirector, seqM, seqMasterpiece) VALUES (6, 6, 6);
INSERT INTO tblDirector (seqDirector, seqM, seqMasterpiece) VALUES (7, 7, 7);
INSERT INTO tblDirector (seqDirector, seqM, seqMasterpiece) VALUES (8, 8, 8);
INSERT INTO tblDirector (seqDirector, seqM, seqMasterpiece) VALUES (9, 9, 9);
INSERT INTO tblDirector (seqDirector, seqM, seqMasterpiece) VALUES (10, 10, 10);
INSERT INTO tblDirector (seqDirector, seqM, seqMasterpiece) VALUES (11, 11, 11);
INSERT INTO tblDirector (seqDirector, seqM, seqMasterpiece) VALUES (12, 12, 12);
INSERT INTO tblDirector (seqDirector, seqM, seqMasterpiece) VALUES (13, 13, 13);
INSERT INTO tblDirector (seqDirector, seqM, seqMasterpiece) VALUES (14, 14, 14);
INSERT INTO tblDirector (seqDirector, seqM, seqMasterpiece) VALUES (15, 15, 15);
INSERT INTO tblDirector (seqDirector, seqM, seqMasterpiece) VALUES (16, 16, 16);
INSERT INTO tblDirector (seqDirector, seqM, seqMasterpiece) VALUES (17, 17, 17);
INSERT INTO tblDirector (seqDirector, seqM, seqMasterpiece) VALUES (18, 18, 18);
INSERT INTO tblDirector (seqDirector, seqM, seqMasterpiece) VALUES (19, 19, 19);
INSERT INTO tblDirector (seqDirector, seqM, seqMasterpiece) VALUES (20, 20, 20);
INSERT INTO tblDirector (seqDirector, seqM, seqMasterpiece) VALUES (21, 21, 21);
INSERT INTO tblDirector (seqDirector, seqM, seqMasterpiece) VALUES (22, 22, 22);
INSERT INTO tblDirector (seqDirector, seqM, seqMasterpiece) VALUES (23, 23, 23);
INSERT INTO tblDirector (seqDirector, seqM, seqMasterpiece) VALUES (24, 24, 24);
INSERT INTO tblDirector (seqDirector, seqM, seqMasterpiece) VALUES (25, 25, 25);
INSERT INTO tblDirector (seqDirector, seqM, seqMasterpiece) VALUES (26, 26, 26);
INSERT INTO tblDirector (seqDirector, seqM, seqMasterpiece) VALUES (27, 27, 27);
INSERT INTO tblDirector (seqDirector, seqM, seqMasterpiece) VALUES (28, 28, 28);
INSERT INTO tblDirector (seqDirector, seqM, seqMasterpiece) VALUES (29, 29, 29);
INSERT INTO tblDirector (seqDirector, seqM, seqMasterpiece) VALUES (30, 30, 30);
INSERT INTO tblDirector (seqDirector, seqM, seqMasterpiece) VALUES (31, 31, 31);
INSERT INTO tblDirector (seqDirector, seqM, seqMasterpiece) VALUES (32, 32, 32);
INSERT INTO tblDirector (seqDirector, seqM, seqMasterpiece) VALUES (33, 33, 33);
INSERT INTO tblDirector (seqDirector, seqM, seqMasterpiece) VALUES (34, 34, 34);
INSERT INTO tblDirector (seqDirector, seqM, seqMasterpiece) VALUES (35, 35, 35);
INSERT INTO tblDirector (seqDirector, seqM, seqMasterpiece) VALUES (36, 36, 36);
INSERT INTO tblDirector (seqDirector, seqM, seqMasterpiece) VALUES (37, 37, 37);
INSERT INTO tblDirector (seqDirector, seqM, seqMasterpiece) VALUES (38, 38, 38);
INSERT INTO tblDirector (seqDirector, seqM, seqMasterpiece) VALUES (39, 39, 39);
INSERT INTO tblDirector (seqDirector, seqM, seqMasterpiece) VALUES (40, 40, 40);
INSERT INTO tblDirector (seqDirector, seqM, seqMasterpiece) VALUES (41, 41, 41);
INSERT INTO tblDirector (seqDirector, seqM, seqMasterpiece) VALUES (42, 42, 42);
INSERT INTO tblDirector (seqDirector, seqM, seqMasterpiece) VALUES (43, 43, 43);
INSERT INTO tblDirector (seqDirector, seqM, seqMasterpiece) VALUES (44, 44, 44);
INSERT INTO tblDirector (seqDirector, seqM, seqMasterpiece) VALUES (45, 45, 45);
INSERT INTO tblDirector (seqDirector, seqM, seqMasterpiece) VALUES (46, 46, 46);
INSERT INTO tblDirector (seqDirector, seqM, seqMasterpiece) VALUES (47, 47, 47);
INSERT INTO tblDirector (seqDirector, seqM, seqMasterpiece) VALUES (48, 48, 48);
INSERT INTO tblDirector (seqDirector, seqM, seqMasterpiece) VALUES (49, 49, 49);
INSERT INTO tblDirector (seqDirector, seqM, seqMasterpiece) VALUES (50, 50, 50);
